{"Lot_Frontage":0.6673554319,"Lot_Area":0.187097265,"Year_Built":-0.3424684487,"Year_Remod_Add":-1.115541966,"Mas_Vnr_Area":-0.5660393676,"BsmtFin_SF_1":0.8161812244,"BsmtFin_SF_2":0.5575822965,"Bsmt_Unf_SF":-0.6577800405,"Total_Bsmt_SF":-0.3838929701,"First_Flr_SF":-0.6726430145,"Second_Flr_SF":-0.7831853136,"Gr_Liv_Area":-1.1944270494,"Bsmt_Full_Bath":-0.8215755506,"Bsmt_Half_Bath":-0.2492202433,"Full_Bath":-1.0247928896,"Half_Bath":-0.7552026932,"Bedroom_AbvGr":-1.032233759,"Kitchen_AbvGr":-0.2072914451,"TotRms_AbvGrd":-0.9175348951,"Fireplaces":-0.9251433155,"Garage_Cars":-1.0068393381,"Garage_Area":1.1961007418,"Wood_Deck_SF":0.3660608208,"Open_Porch_SF":-0.7044926691,"Enclosed_Porch":-0.3588380042,"Three_season_porch":-0.1031343162,"Screen_Porch":1.8545298777,"Pool_Area":-0.0630310489,"Misc_Val":-0.0894222784,"Mo_Sold":-0.0796015602,"Year_Sold":1.6784989954,"Longitude":0.9005928028,"Latitude":1.0067820106}